hunger,fatigue,fun,study,social,bladder,hour,isWeekend,cur_classroom,cur_canteen,cur_playground,cur_library,cur_shop,cur_dorm,cur_toilet,cur_gate,cur_fountain,cur_other,hasClass,nearFriend,playerNear,action,weight
0.3,0.2,0.4,0.3,0.3,0.2,8,0,1,0,0,0,0,0,0,0,0,0,1,0,0,classroom,1.0
0.8,0.3,0.4,0.3,0.3,0.2,12,0,0,1,0,0,0,0,0,0,0,0,0,0,0,canteen,1.0
0.3,0.2,0.7,0.3,0.3,0.2,15,0,0,0,1,0,0,0,0,0,0,0,0,0,0,playground,1.0
0.3,0.2,0.4,0.8,0.3,0.2,20,0,0,0,0,1,0,0,0,0,0,0,0,0,0,library,1.0
0.3,0.85,0.4,0.3,0.3,0.2,22,0,0,0,0,0,0,1,0,0,0,0,0,0,0,dorm,1.0
0.3,0.2,0.4,0.3,0.3,0.9,10,0,0,0,0,0,0,0,1,0,0,0,0,0,0,toilet,1.0
0.3,0.2,0.6,0.3,0.7,0.2,16,0,0,0,0,0,0,0,0,0,1,0,0,1,0,fountain,1.0
0.3,0.2,0.4,0.3,0.8,0.2,14,0,1,0,0,0,0,0,0,0,0,0,1,1,0,chat_with,1.0
0.3,0.2,0.4,0.3,0.3,0.2,3,0,0,0,0,0,0,1,0,0,0,0,0,1,0,chat_with,1.0
0.9,0.3,0.4,0.3,0.3,0.2,7,0,0,1,0,0,0,0,0,0,0,0,0,0,1,canteen,1.0
